antecedents,consequents,antecedent support,consequent support,support,confidence,lift,representativity,leverage,conviction,zhangs_metric,jaccard,certainty,kulczynski,antecedents_str,consequents_str
"frozenset({'GREEN REGENCY TEACUP AND SAUCER', 'ROSES REGENCY TEACUP AND SAUCER'})",frozenset({'PINK REGENCY TEACUP AND SAUCER'}),0.032879674383108626,0.03370643602136861,0.023530908165861102,0.7156673114119921,21.232363782343707,1.0,0.02242265152486342,3.3984610379384503,0.9852983778807411,0.5465288035450516,0.7057491644492672,0.706890259479581,GREEN REGENCY TEACUP AND SAUCE.. & ROSES REGENCY TEACUP AND SAUCE..,PINK REGENCY TEACUP AND SAUCER
frozenset({'PINK REGENCY TEACUP AND SAUCER'}),"frozenset({'GREEN REGENCY TEACUP AND SAUCER', 'ROSES REGENCY TEACUP AND SAUCER'})",0.03370643602136861,0.032879674383108626,0.023530908165861102,0.6981132075471698,21.232363782343707,1.0,0.02242265152486342,3.2035860786059525,0.9861414000547869,0.5465288035450516,0.6878498109733475,0.706890259479581,PINK REGENCY TEACUP AND SAUCER,GREEN REGENCY TEACUP AND SAUCE.. & ROSES REGENCY TEACUP AND SAUCE..
"frozenset({'PINK REGENCY TEACUP AND SAUCER', 'ROSES REGENCY TEACUP AND SAUCER'})",frozenset({'GREEN REGENCY TEACUP AND SAUCER'}),0.02639277537522259,0.042228440600356146,0.023530908165861102,0.891566265060241,21.112933662360284,1.0,0.022416382418649974,8.832782158907825,0.9784599414229044,0.5218617771509166,0.886785388566217,0.7243975903614457,PINK REGENCY TEACUP AND SAUCER & ROSES REGENCY TEACUP AND SAUCE..,GREEN REGENCY TEACUP AND SAUCE..
frozenset({'GREEN REGENCY TEACUP AND SAUCER'}),"frozenset({'PINK REGENCY TEACUP AND SAUCER', 'ROSES REGENCY TEACUP AND SAUCER'})",0.042228440600356146,0.02639277537522259,0.023530908165861102,0.5572289156626505,21.112933662360284,1.0,0.022416382418649974,2.198895228404259,0.9946376655540002,0.5218617771509166,0.5452261721784256,0.7243975903614457,GREEN REGENCY TEACUP AND SAUCE..,PINK REGENCY TEACUP AND SAUCER & ROSES REGENCY TEACUP AND SAUCE..
frozenset({'GREEN REGENCY TEACUP AND SAUCER'}),frozenset({'PINK REGENCY TEACUP AND SAUCER'}),0.042228440600356146,0.03370643602136861,0.02810989570083948,0.6656626506024096,19.748829279381678,1.0,0.02668652546946141,2.890175344512663,0.991221839639932,0.5877659574468085,0.654000231543523,0.7498124573766765,GREEN REGENCY TEACUP AND SAUCE..,PINK REGENCY TEACUP AND SAUCER
frozenset({'PINK REGENCY TEACUP AND SAUCER'}),frozenset({'GREEN REGENCY TEACUP AND SAUCER'}),0.03370643602136861,0.042228440600356146,0.02810989570083948,0.8339622641509433,19.748829279381674,1.0,0.02668652546946141,5.768396891838762,0.9824799858481884,0.5877659574468085,0.826641609661981,0.7498124573766765,PINK REGENCY TEACUP AND SAUCER,GREEN REGENCY TEACUP AND SAUCE..
"frozenset({'GREEN REGENCY TEACUP AND SAUCER', 'PINK REGENCY TEACUP AND SAUCER'})",frozenset({'ROSES REGENCY TEACUP AND SAUCER'}),0.02810989570083948,0.047061816331722205,0.023530908165861102,0.8371040723981901,17.787330316742082,1.0,0.022208005417284328,5.84998162751915,0.971077084151289,0.455665024630542,0.829059292204294,0.6685520361990951,GREEN REGENCY TEACUP AND SAUCE.. & PINK REGENCY TEACUP AND SAUCER,ROSES REGENCY TEACUP AND SAUCE..
frozenset({'ROSES REGENCY TEACUP AND SAUCER'}),"frozenset({'GREEN REGENCY TEACUP AND SAUCER', 'PINK REGENCY TEACUP AND SAUCER'})",0.047061816331722205,0.02810989570083948,0.023530908165861102,0.5,17.787330316742082,1.0,0.022208005417284328,1.9437802085983211,0.9903897490656701,0.455665024630542,0.4855385420756445,0.6685520361990951,ROSES REGENCY TEACUP AND SAUCE..,GREEN REGENCY TEACUP AND SAUCE.. & PINK REGENCY TEACUP AND SAUCER
frozenset({'DOLLY GIRL LUNCH BOX'}),frozenset({'SPACEBOY LUNCH BOX'}),0.03580513864156703,0.040256932078351564,0.024166878656830322,0.674955595026643,16.766195539018856,1.0,0.022725473622480796,2.9526521707097713,0.9752760719158227,0.46568627450980393,0.6613214350406822,0.6376357753964179,DOLLY GIRL LUNCH BOX,SPACEBOY LUNCH BOX
frozenset({'SPACEBOY LUNCH BOX'}),frozenset({'DOLLY GIRL LUNCH BOX'}),0.040256932078351564,0.03580513864156703,0.024166878656830322,0.6003159557661927,16.766195539018852,1.0,0.022725473622480796,2.412392676837502,0.9797999155997474,0.46568627450980393,0.5854737872480452,0.6376357753964179,SPACEBOY LUNCH BOX,DOLLY GIRL LUNCH BOX
frozenset({'PINK REGENCY TEACUP AND SAUCER'}),frozenset({'ROSES REGENCY TEACUP AND SAUCER'}),0.03370643602136861,0.047061816331722205,0.02639277537522259,0.7830188679245284,16.638092809790926,1.0,0.024806489273987993,4.391802063862499,0.9726826220242295,0.4853801169590643,0.7723030351872187,0.6719148393676696,PINK REGENCY TEACUP AND SAUCER,ROSES REGENCY TEACUP AND SAUCE..
frozenset({'ROSES REGENCY TEACUP AND SAUCER'}),frozenset({'PINK REGENCY TEACUP AND SAUCER'}),0.047061816331722205,0.03370643602136861,0.02639277537522259,0.5608108108108109,16.638092809790926,1.0,0.024806489273987993,2.200176114905192,0.9863147196366887,0.4853801169590643,0.5454909299189937,0.6719148393676696,ROSES REGENCY TEACUP AND SAUCE..,PINK REGENCY TEACUP AND SAUCER
frozenset({'ROSES REGENCY TEACUP AND SAUCER'}),frozenset({'GREEN REGENCY TEACUP AND SAUCER'}),0.047061816331722205,0.042228440600356146,0.032879674383108626,0.6986486486486487,16.544505047215893,1.0,0.030892327267599624,3.1782553989046485,0.9859579425016601,0.5828635851183767,0.6853619755213382,0.738631553239987,ROSES REGENCY TEACUP AND SAUCE..,GREEN REGENCY TEACUP AND SAUCE..
frozenset({'GREEN REGENCY TEACUP AND SAUCER'}),frozenset({'ROSES REGENCY TEACUP AND SAUCER'}),0.042228440600356146,0.047061816331722205,0.032879674383108626,0.7786144578313253,16.544505047215893,1.0,0.030892327267599624,4.3044282582022895,0.9809823247307353,0.5828635851183767,0.7676811088454191,0.738631553239987,GREEN REGENCY TEACUP AND SAUCE..,ROSES REGENCY TEACUP AND SAUCE..
frozenset({'GARDENERS KNEELING PAD KEEP CALM'}),frozenset({'GARDENERS KNEELING PAD CUP OF TEA'}),0.04502671076062071,0.03834902060544391,0.02766471635716103,0.614406779661017,16.021446440115806,1.0,0.025937986098406623,2.49395199051775,0.9817904579942315,0.4965753424657534,0.5990299717869076,0.6678999072434438,GARDENERS KNEELING PAD KEEP CA..,GARDENERS KNEELING PAD CUP OF ..
frozenset({'GARDENERS KNEELING PAD CUP OF TEA'}),frozenset({'GARDENERS KNEELING PAD KEEP CALM'}),0.03834902060544391,0.04502671076062071,0.02766471635716103,0.7213930348258707,16.021446440115806,1.0,0.025937986098406623,3.427671984591344,0.9749729195980014,0.4965753424657534,0.7082567980555401,0.6678999072434438,GARDENERS KNEELING PAD CUP OF ..,GARDENERS KNEELING PAD KEEP CA..
frozenset({'ALARM CLOCK BAKELIKE GREEN'}),frozenset({'ALARM CLOCK BAKELIKE RED'}),0.0487789366573391,0.05405749173238362,0.03275248028491478,0.6714471968709257,12.420983204233453,1.0,0.030115613319846208,2.879118666036753,0.9666428876046609,0.46733212341197816,0.6526714887453567,0.638664774906051,ALARM CLOCK BAKELIKE GREEN,ALARM CLOCK BAKELIKE RED
frozenset({'ALARM CLOCK BAKELIKE RED'}),frozenset({'ALARM CLOCK BAKELIKE GREEN'}),0.05405749173238362,0.0487789366573391,0.03275248028491478,0.6058823529411764,12.420983204233451,1.0,0.030115613319846208,2.4135459816157065,0.9720369550828905,0.46733212341197816,0.585671867195765,0.638664774906051,ALARM CLOCK BAKELIKE RED,ALARM CLOCK BAKELIKE GREEN
"frozenset({""PAPER CHAIN KIT 50'S CHRISTMAS""})",frozenset({'PAPER CHAIN KIT VINTAGE CHRISTMAS'}),0.053421521241414395,0.03809463240905622,0.024357669804121088,0.45595238095238094,11.96894029732093,1.0,0.02232259658969682,1.7680536297076426,0.9681716150589801,0.362689393939394,0.4344062967335694,0.5476756896414658,PAPER CHAIN KIT 50'S CHRISTMAS,PAPER CHAIN KIT VINTAGE CHRIST..
frozenset({'PAPER CHAIN KIT VINTAGE CHRISTMAS'}),"frozenset({""PAPER CHAIN KIT 50'S CHRISTMAS""})",0.03809463240905622,0.053421521241414395,0.024357669804121088,0.6393989983305508,11.96894029732093,1.0,0.02232259658969682,2.625002355446262,0.9527448805644866,0.362689393939394,0.6190479608807834,0.5476756896414658,PAPER CHAIN KIT VINTAGE CHRIST..,PAPER CHAIN KIT 50'S CHRISTMAS
frozenset({'ALARM CLOCK BAKELIKE RED'}),frozenset({'ALARM CLOCK BAKELIKE PINK'}),0.05405749173238362,0.03784024421266853,0.024166878656830322,0.44705882352941173,11.814374691052892,1.0,0.022121329968152616,1.7400761540834717,0.9676669992852239,0.35680751173708913,0.4253125085052859,0.5428571428571428,ALARM CLOCK BAKELIKE RED,ALARM CLOCK BAKELIKE PINK
frozenset({'ALARM CLOCK BAKELIKE PINK'}),frozenset({'ALARM CLOCK BAKELIKE RED'}),0.03784024421266853,0.05405749173238362,0.024166878656830322,0.6386554621848739,11.81437469105289,1.0,0.022121329968152616,2.6178408949731704,0.9513569269197185,0.35680751173708913,0.6180058146695547,0.5428571428571428,ALARM CLOCK BAKELIKE PINK,ALARM CLOCK BAKELIKE RED
frozenset({'ALARM CLOCK BAKELIKE GREEN'}),frozenset({'ALARM CLOCK BAKELIKE PINK'}),0.0487789366573391,0.03784024421266853,0.02130501144746884,0.4367666232073012,11.542383837498495,1.0,0.019459204571920838,1.7082790108538966,0.9602003354890987,0.3261927945472249,0.4146155319790868,0.4998959166456674,ALARM CLOCK BAKELIKE GREEN,ALARM CLOCK BAKELIKE PINK
frozenset({'ALARM CLOCK BAKELIKE PINK'}),frozenset({'ALARM CLOCK BAKELIKE GREEN'}),0.03784024421266853,0.0487789366573391,0.02130501144746884,0.5630252100840336,11.542383837498493,1.0,0.019459204571920838,2.1768328180341663,0.9492839194864464,0.3261927945472249,0.5406169956115093,0.4998959166456674,ALARM CLOCK BAKELIKE PINK,ALARM CLOCK BAKELIKE GREEN
frozenset({'WOODEN FRAME ANTIQUE WHITE'}),frozenset({'WOODEN PICTURE FRAME WHITE FINISH'}),0.049987280590180615,0.051640803866700585,0.02779191045535487,0.5559796437659034,10.7662856140087,1.0,0.025210527102567624,2.135846212495053,0.9548476954171828,0.37639965546942283,0.5318014966855596,0.5470784918336906,WOODEN FRAME ANTIQUE WHITE,WOODEN PICTURE FRAME WHITE FIN..
frozenset({'WOODEN PICTURE FRAME WHITE FINISH'}),frozenset({'WOODEN FRAME ANTIQUE WHITE'}),0.051640803866700585,0.049987280590180615,0.02779191045535487,0.5381773399014779,10.7662856140087,1.0,0.025210527102567624,2.057094208428729,0.9565125317959948,0.37639965546942283,0.513877392730676,0.5470784918336906,WOODEN PICTURE FRAME WHITE FIN..,WOODEN FRAME ANTIQUE WHITE
frozenset({'LUNCH BAG SPACEBOY DESIGN'}),frozenset({'LUNCH BAG DOLLY GIRL DESIGN'}),0.060544390740269655,0.036377512083439326,0.021368608496565758,0.3529411764705882,9.702180172768408,1.0,0.019166154190827126,1.4892347540528665,0.9547341817853597,0.2828282828282828,0.32851419342816324,0.4701768819415878,LUNCH BAG SPACEBOY DESIGN,LUNCH BAG DOLLY GIRL DESIGN
frozenset({'LUNCH BAG DOLLY GIRL DESIGN'}),frozenset({'LUNCH BAG SPACEBOY DESIGN'}),0.036377512083439326,0.060544390740269655,0.021368608496565758,0.5874125874125874,9.702180172768408,1.0,0.019166154190827126,2.2769856292227364,0.9307902147131292,0.2828282828282828,0.5608228760137777,0.4701768819415878,LUNCH BAG DOLLY GIRL DESIGN,LUNCH BAG SPACEBOY DESIGN
frozenset({'HEART OF WICKER SMALL'}),frozenset({'HEART OF WICKER LARGE'}),0.054947850419740527,0.048206563215466805,0.023912490460442637,0.4351851851851852,9.02750903938239,1.0,0.0212636434356294,1.6851424782414683,0.9409295266458577,0.30176565008025685,0.4065783677570394,0.46561370077201214,HEART OF WICKER SMALL,HEART OF WICKER LARGE
frozenset({'HEART OF WICKER LARGE'}),frozenset({'HEART OF WICKER SMALL'}),0.048206563215466805,0.054947850419740527,0.023912490460442637,0.49604221635883905,9.02750903938239,1.0,0.0212636434356294,1.8752605481199913,0.9342651854842607,0.30176565008025685,0.46674076783488455,0.46561370077201214,HEART OF WICKER LARGE,HEART OF WICKER SMALL
frozenset({'LUNCH BAG SPACEBOY DESIGN'}),frozenset({'LUNCH BAG WOODLAND'}),0.060544390740269655,0.04979648944288985,0.024612058000508776,0.4065126050420168,8.163479184777358,1.0,0.02159715988618474,1.6010508708856086,0.9340550003463497,0.2870919881305638,0.3754102270049309,0.45038273930261763,LUNCH BAG SPACEBOY DESIGN,LUNCH BAG WOODLAND
frozenset({'LUNCH BAG WOODLAND'}),frozenset({'LUNCH BAG SPACEBOY DESIGN'}),0.04979648944288985,0.060544390740269655,0.024612058000508776,0.4942528735632184,8.163479184777358,1.0,0.02159715988618474,1.8575599546726485,0.9234897573868067,0.2870919881305638,0.4616593679872763,0.45038273930261763,LUNCH BAG WOODLAND,LUNCH BAG SPACEBOY DESIGN
frozenset({'LUNCH BAG CARS BLUE'}),frozenset({'LUNCH BAG PINK POLKADOT'}),0.05812770287458662,0.05621979140167896,0.025883998982447216,0.44529540481400437,7.920616453954078,1.0,0.02261607165217918,1.7014104746723182,0.9276705592708293,0.29259525521207763,0.4122523548042726,0.4528513223165045,LUNCH BAG CARS BLUE,LUNCH BAG PINK POLKADOT
frozenset({'LUNCH BAG PINK POLKADOT'}),frozenset({'LUNCH BAG CARS BLUE'}),0.05621979140167896,0.05812770287458662,0.025883998982447216,0.46040723981900455,7.920616453954078,1.0,0.02261607165217918,1.745524341003911,0.9257952144744597,0.29259525521207763,0.4271062416552348,0.4528513223165045,LUNCH BAG PINK POLKADOT,LUNCH BAG CARS BLUE
frozenset({'LUNCH BAG  BLACK SKULL.'}),frozenset({'LUNCH BAG PINK POLKADOT'}),0.06308827270414653,0.05621979140167896,0.027919104553548714,0.4425403225806451,7.871610896219529,1.0,0.02437229502222936,1.6930017485163367,0.9317432740591661,0.30549756437021575,0.409333155812538,0.469573328711137,LUNCH BAG  BLACK SKULL.,LUNCH BAG PINK POLKADOT
frozenset({'LUNCH BAG PINK POLKADOT'}),frozenset({'LUNCH BAG  BLACK SKULL.'}),0.05621979140167896,0.06308827270414653,0.027919104553548714,0.49660633484162897,7.871610896219529,1.0,0.02437229502222936,1.8611909369203021,0.9249623930889243,0.30549756437021575,0.46270961234386193,0.469573328711137,LUNCH BAG PINK POLKADOT,LUNCH BAG  BLACK SKULL.
frozenset({'LUNCH BAG APPLE DESIGN'}),frozenset({'LUNCH BAG SUKI DESIGN'}),0.051259221572119054,0.054184685830577464,0.02143220554566268,0.41811414392059554,7.7164633791167185,1.0,0.01865474072885745,1.6254310089990502,0.9174339007742821,0.25510976532929597,0.3847785636772085,0.40682702501194096,LUNCH BAG APPLE DESIGN,LUNCH BAG SUKI DESIGN
frozenset({'LUNCH BAG SUKI DESIGN'}),frozenset({'LUNCH BAG APPLE DESIGN'}),0.054184685830577464,0.051259221572119054,0.02143220554566268,0.3955399061032864,7.7164633791167185,1.0,0.01865474072885745,1.5695672683894264,0.9202715795959346,0.25510976532929597,0.36288171896823135,0.40682702501194096,LUNCH BAG SUKI DESIGN,LUNCH BAG APPLE DESIGN
frozenset({'LUNCH BAG CARS BLUE'}),frozenset({'LUNCH BAG WOODLAND'}),0.05812770287458662,0.04979648944288985,0.021813787840244212,0.37527352297593,7.53614415743745,1.0,0.01891923229771042,1.5209912585800327,0.9208319963463343,0.2533234859675037,0.34253402551860807,0.40666613568975296,LUNCH BAG CARS BLUE,LUNCH BAG WOODLAND
frozenset({'LUNCH BAG WOODLAND'}),frozenset({'LUNCH BAG CARS BLUE'}),0.04979648944288985,0.05812770287458662,0.021813787840244212,0.438058748403576,7.536144157437449,1.0,0.01891923229771042,1.6761045651118154,0.912758307067078,0.2533234859675037,0.4033785118094415,0.40666613568975296,LUNCH BAG WOODLAND,LUNCH BAG CARS BLUE
frozenset({'LUNCH BAG SUKI DESIGN'}),frozenset({'LUNCH BAG CARS BLUE'}),0.054184685830577464,0.05812770287458662,0.022958534723988806,0.4237089201877934,7.2892768720272025,1.0,0.019808903405676176,1.6343690369671124,0.9122417109845194,0.2569395017793594,0.3881430831217328,0.40933804871534085,LUNCH BAG SUKI DESIGN,LUNCH BAG CARS BLUE
frozenset({'LUNCH BAG CARS BLUE'}),frozenset({'LUNCH BAG SUKI DESIGN'}),0.05812770287458662,0.054184685830577464,0.022958534723988806,0.3949671772428884,7.2892768720272025,1.0,0.019808903405676176,1.5632462877953928,0.9160606837111258,0.2569395017793594,0.36030553355077843,0.40933804871534085,LUNCH BAG CARS BLUE,LUNCH BAG SUKI DESIGN
frozenset({'LUNCH BAG PINK POLKADOT'}),frozenset({'LUNCH BAG RED RETROSPOT'}),0.05621979140167896,0.07498092088527092,0.03065377766471636,0.5452488687782806,7.271834785979377,1.0,0.026438365933440636,2.0341215570582603,0.9138601514355058,0.3048703352308666,0.5083872954740244,0.4770349517767569,LUNCH BAG PINK POLKADOT,LUNCH BAG RED RETROSPOT
frozenset({'LUNCH BAG RED RETROSPOT'}),frozenset({'LUNCH BAG PINK POLKADOT'}),0.07498092088527092,0.05621979140167896,0.03065377766471636,0.4088210347752333,7.271834785979376,1.0,0.026438365933440636,1.5964373973277195,0.9323949568444763,0.3048703352308666,0.3736052527497149,0.4770349517767569,LUNCH BAG RED RETROSPOT,LUNCH BAG PINK POLKADOT
frozenset({'JUMBO BAG RED RETROSPOT'}),frozenset({'JUMBO BAG PINK POLKADOT'}),0.08312134316967693,0.048270160264563725,0.0287458661918087,0.3458301453710788,7.164470626897026,1.0,0.024733585635602594,1.4548665503324154,0.9384255374524052,0.2800495662949194,0.3126517344346705,0.47067528348922844,JUMBO BAG RED RETROSPOT,JUMBO BAG PINK POLKADOT
frozenset({'JUMBO BAG PINK POLKADOT'}),frozenset({'JUMBO BAG RED RETROSPOT'}),0.048270160264563725,0.08312134316967693,0.0287458661918087,0.5955204216073781,7.1644706268970255,1.0,0.024733585635602594,2.266810750925782,0.9040615418276865,0.2800495662949194,0.5588515717107868,0.47067528348922844,JUMBO BAG PINK POLKADOT,JUMBO BAG RED RETROSPOT
frozenset({'LUNCH BAG  BLACK SKULL.'}),frozenset({'LUNCH BAG SUKI DESIGN'}),0.06308827270414653,0.054184685830577464,0.024294072755024168,0.3850806451612903,7.106816977131606,1.0,0.02087565451895619,1.5381127732066673,0.9171515367764441,0.2612859097127223,0.3498526132676257,0.4167187263365137,LUNCH BAG  BLACK SKULL.,LUNCH BAG SUKI DESIGN
frozenset({'LUNCH BAG SUKI DESIGN'}),frozenset({'LUNCH BAG  BLACK SKULL.'}),0.054184685830577464,0.06308827270414653,0.024294072755024168,0.44835680751173707,7.106816977131606,1.0,0.02087565451895619,1.6984016843746108,0.908517781051007,0.2612859097127223,0.41121113503357004,0.4167187263365137,LUNCH BAG SUKI DESIGN,LUNCH BAG  BLACK SKULL.
frozenset({'LUNCH BAG SUKI DESIGN'}),frozenset({'LUNCH BAG PINK POLKADOT'}),0.054184685830577464,0.05621979140167896,0.021177817349274992,0.3908450704225352,6.952090370275954,1.0,0.018131565614714417,1.5493270476411745,0.9052067128990205,0.23734853884533144,0.3545584829733116,0.3837709515008604,LUNCH BAG SUKI DESIGN,LUNCH BAG PINK POLKADOT
frozenset({'LUNCH BAG PINK POLKADOT'}),frozenset({'LUNCH BAG SUKI DESIGN'}),0.05621979140167896,0.054184685830577464,0.021177817349274992,0.3766968325791855,6.952090370275954,1.0,0.018131565614714417,1.5174242063988557,0.9071586411209053,0.23734853884533144,0.3409885015784772,0.3837709515008604,LUNCH BAG PINK POLKADOT,LUNCH BAG SUKI DESIGN
frozenset({'LUNCH BAG SPACEBOY DESIGN'}),frozenset({'LUNCH BAG SUKI DESIGN'}),0.060544390740269655,0.054184685830577464,0.02270414652760112,0.375,6.920774647887324,1.0,0.019423567736535887,1.513304502671076,0.9106417546709992,0.24671734623358674,0.33919445938676707,0.3970070422535211,LUNCH BAG SPACEBOY DESIGN,LUNCH BAG SUKI DESIGN
frozenset({'LUNCH BAG SUKI DESIGN'}),frozenset({'LUNCH BAG SPACEBOY DESIGN'}),0.054184685830577464,0.060544390740269655,0.02270414652760112,0.41901408450704225,6.920774647887323,1.0,0.019423567736535887,1.6170023819985662,0.9045185583647123,0.24671734623358674,0.3815717211473553,0.3970070422535211,LUNCH BAG SUKI DESIGN,LUNCH BAG SPACEBOY DESIGN
frozenset({'JUMBO BAG RED RETROSPOT'}),frozenset({'JUMBO BAG STRAWBERRY'}),0.08312134316967693,0.0354235563469855,0.020223861612821165,0.2433052792654935,6.8684599841483305,1.0,0.017279408029412996,1.274723368912528,0.9318648101930679,0.20569210866752913,0.21551606851523833,0.4071104493275403,JUMBO BAG RED RETROSPOT,JUMBO BAG STRAWBERRY
frozenset({'JUMBO BAG STRAWBERRY'}),frozenset({'JUMBO BAG RED RETROSPOT'}),0.0354235563469855,0.08312134316967693,0.020223861612821165,0.5709156193895871,6.8684599841483305,1.0,0.017279408029412996,2.1368259910229708,0.8857845960673475,0.20569210866752913,0.5320161752987353,0.4071104493275403,JUMBO BAG STRAWBERRY,JUMBO BAG RED RETROSPOT
frozenset({'LUNCH BAG CARS BLUE'}),frozenset({'LUNCH BAG  BLACK SKULL.'}),0.05812770287458662,0.06308827270414653,0.02512083439328415,0.4321663019693654,6.850184407425706,1.0,0.021453658022666626,1.6499755659892292,0.9067243309771877,0.2614162806088683,0.39393041896322983,0.41517589292016654,LUNCH BAG CARS BLUE,LUNCH BAG  BLACK SKULL.
frozenset({'LUNCH BAG  BLACK SKULL.'}),frozenset({'LUNCH BAG CARS BLUE'}),0.06308827270414653,0.05812770287458662,0.02512083439328415,0.3981854838709677,6.850184407425706,1.0,0.021453658022666626,1.5650541352569685,0.9115250707149166,0.2614162806088683,0.361044466467731,0.41517589292016654,LUNCH BAG  BLACK SKULL.,LUNCH BAG CARS BLUE
frozenset({'LUNCH BAG WOODLAND'}),frozenset({'LUNCH BAG RED RETROSPOT'}),0.04979648944288985,0.07498092088527092,0.025566013736962604,0.5134099616858238,6.8472080047055925,1.0,0.02183222710168105,1.9010234618027109,0.8987075531918082,0.25769230769230766,0.47396756531783385,0.4271884414027083,LUNCH BAG WOODLAND,LUNCH BAG RED RETROSPOT
frozenset({'LUNCH BAG RED RETROSPOT'}),frozenset({'LUNCH BAG WOODLAND'}),0.07498092088527092,0.04979648944288985,0.025566013736962604,0.34096692111959287,6.847208004705592,1.0,0.02183222710168105,1.4418145932391673,0.9231756309548852,0.25769230769230766,0.30642954739873357,0.4271884414027083,LUNCH BAG RED RETROSPOT,LUNCH BAG WOODLAND
frozenset({'LUNCH BAG SPACEBOY DESIGN'}),frozenset({'LUNCH BAG CARS BLUE'}),0.060544390740269655,0.05812770287458662,0.023848893411345714,0.3939075630252101,6.776589191475277,1.0,0.020329587055672445,1.5540076722069212,0.9073692571531726,0.2515090543259557,0.3565025334914519,0.4020960134600886,LUNCH BAG SPACEBOY DESIGN,LUNCH BAG CARS BLUE
frozenset({'LUNCH BAG CARS BLUE'}),frozenset({'LUNCH BAG SPACEBOY DESIGN'}),0.05812770287458662,0.060544390740269655,0.023848893411345714,0.41028446389496714,6.776589191475276,1.0,0.020329587055672445,1.5930657270192832,0.9050410983569659,0.2515090543259557,0.372279509225864,0.4020960134600886,LUNCH BAG CARS BLUE,LUNCH BAG SPACEBOY DESIGN
frozenset({'LUNCH BAG SPACEBOY DESIGN'}),frozenset({'LUNCH BAG  BLACK SKULL.'}),0.060544390740269655,0.06308827270414653,0.02531162554057492,0.4180672268907563,6.626702697207915,1.0,0.021491984506846383,1.6099999357141743,0.9038164012589347,0.2574385510996119,0.3788819627769653,0.40963845215505557,LUNCH BAG SPACEBOY DESIGN,LUNCH BAG  BLACK SKULL.
frozenset({'LUNCH BAG  BLACK SKULL.'}),frozenset({'LUNCH BAG SPACEBOY DESIGN'}),0.06308827270414653,0.060544390740269655,0.02531162554057492,0.4012096774193548,6.626702697207914,1.0,0.021491984506846383,1.5689224989657449,0.9062704235268113,0.2574385510996119,0.36261988679541934,0.40963845215505557,LUNCH BAG  BLACK SKULL.,LUNCH BAG SPACEBOY DESIGN
frozenset({'LUNCH BAG  BLACK SKULL.'}),frozenset({'LUNCH BAG WOODLAND'}),0.06308827270414653,0.04979648944288985,0.02079623505469346,0.3296370967741935,6.619685452972438,1.0,0.017654660549011273,1.4174464398085012,0.9060996843917131,0.22582872928176795,0.29450597079696267,0.3736308089234952,LUNCH BAG  BLACK SKULL.,LUNCH BAG WOODLAND
frozenset({'LUNCH BAG WOODLAND'}),frozenset({'LUNCH BAG  BLACK SKULL.'}),0.04979648944288985,0.06308827270414653,0.02079623505469346,0.4176245210727969,6.619685452972438,1.0,0.017654660549011273,1.6087760580540642,0.8934248410721314,0.22582872928176795,0.37840944673830157,0.3736308089234952,LUNCH BAG WOODLAND,LUNCH BAG  BLACK SKULL.
frozenset({'LUNCH BAG PINK POLKADOT'}),frozenset({'LUNCH BAG SPACEBOY DESIGN'}),0.05621979140167896,0.060544390740269655,0.022195370134825743,0.3947963800904977,6.520775504772044,1.0,0.01879157711686604,1.552296745019816,0.8970775183620511,0.2347007397444519,0.35579327650575315,0.38069650937297994,LUNCH BAG PINK POLKADOT,LUNCH BAG SPACEBOY DESIGN
frozenset({'LUNCH BAG SPACEBOY DESIGN'}),frozenset({'LUNCH BAG PINK POLKADOT'}),0.060544390740269655,0.05621979140167896,0.022195370134825743,0.36659663865546216,6.520775504772044,1.0,0.01879157711686604,1.4900145250175816,0.9012070384844867,0.2347007397444519,0.32886560284491156,0.38069650937297994,LUNCH BAG SPACEBOY DESIGN,LUNCH BAG PINK POLKADOT
frozenset({'LUNCH BAG RED RETROSPOT'}),frozenset({'LUNCH BAG SUKI DESIGN'}),0.07498092088527092,0.054184685830577464,0.026201984227931824,0.34944868532654794,6.449214939054741,1.0,0.022139166586476036,1.4538673473347448,0.913432367577021,0.25447807288449664,0.3121793388968962,0.4165083802219594,LUNCH BAG RED RETROSPOT,LUNCH BAG SUKI DESIGN
frozenset({'LUNCH BAG SUKI DESIGN'}),frozenset({'LUNCH BAG RED RETROSPOT'}),0.054184685830577464,0.07498092088527092,0.026201984227931824,0.4835680751173709,6.449214939054741,1.0,0.022139166586476036,1.791173307740339,0.8933481566976713,0.25447807288449664,0.4417067317391227,0.4165083802219594,LUNCH BAG SUKI DESIGN,LUNCH BAG RED RETROSPOT
frozenset({'LUNCH BAG  BLACK SKULL.'}),frozenset({'LUNCH BAG RED RETROSPOT'}),0.06308827270414653,0.07498092088527092,0.030272195370134827,0.4798387096774193,6.399477413882733,1.0,0.02554177858571682,1.7783312528717268,0.9005514777184291,0.28082595870206495,0.4376750684749221,0.44178534296423977,LUNCH BAG  BLACK SKULL.,LUNCH BAG RED RETROSPOT
frozenset({'LUNCH BAG RED RETROSPOT'}),frozenset({'LUNCH BAG  BLACK SKULL.'}),0.07498092088527092,0.06308827270414653,0.030272195370134827,0.4037319762510603,6.399477413882733,1.0,0.02554177858571682,1.571292925294184,0.9121295544687453,0.28082595870206495,0.36358142781507413,0.44178534296423977,LUNCH BAG RED RETROSPOT,LUNCH BAG  BLACK SKULL.
frozenset({'JUMBO BAG RED RETROSPOT'}),frozenset({'JUMBO STORAGE BAG SUKI'}),0.08312134316967693,0.044835919613329944,0.023212922920376494,0.279265493496557,6.2286108081416485,1.0,0.019486101059868848,1.3252648121713142,0.9155525107820771,0.22161505768063144,0.24543382513748332,0.39849799497522886,JUMBO BAG RED RETROSPOT,JUMBO STORAGE BAG SUKI
frozenset({'JUMBO STORAGE BAG SUKI'}),frozenset({'JUMBO BAG RED RETROSPOT'}),0.044835919613329944,0.08312134316967693,0.023212922920376494,0.5177304964539007,6.2286108081416485,1.0,0.019486101059868848,1.9011748619569935,0.8788548204238101,0.22161505768063144,0.47400945593682003,0.39849799497522886,JUMBO STORAGE BAG SUKI,JUMBO BAG RED RETROSPOT
frozenset({'RED HANGING HEART T-LIGHT HOLDER'}),frozenset({'WHITE HANGING HEART T-LIGHT HOLDER'}),0.03860340880183159,0.10283642838972272,0.0246756550496057,0.6392092257001648,6.2157859399563336,1.0,0.020705818364756955,2.4866588491663855,0.8728128501468614,0.2113289760348584,0.5978539636286518,0.4395798756824881,RED HANGING HEART T-LIGHT HOLD..,WHITE HANGING HEART T-LIGHT HO..
frozenset({'WHITE HANGING HEART T-LIGHT HOLDER'}),frozenset({'RED HANGING HEART T-LIGHT HOLDER'}),0.10283642838972272,0.03860340880183159,0.0246756550496057,0.23995052566481137,6.215785939956333,1.0,0.020705818364756955,1.2649131716578017,0.9353024637180198,0.2113289760348584,0.20943190219974162,0.4395798756824881,WHITE HANGING HEART T-LIGHT HO..,RED HANGING HEART T-LIGHT HOLD..
frozenset({'LUNCH BAG CARS BLUE'}),frozenset({'LUNCH BAG RED RETROSPOT'}),0.05812770287458662,0.07498092088527092,0.026837954718901044,0.46170678336980303,6.1576568801584255,1.0,0.022479486028419128,1.718429752664354,0.8892931316421913,0.25254338719329744,0.41807339028578777,0.409818616451653,LUNCH BAG CARS BLUE,LUNCH BAG RED RETROSPOT
frozenset({'LUNCH BAG RED RETROSPOT'}),frozenset({'LUNCH BAG CARS BLUE'}),0.07498092088527092,0.05812770287458662,0.026837954718901044,0.357930449533503,6.1576568801584255,1.0,0.022479486028419128,1.4669318868043095,0.905495447206659,0.25254338719329744,0.31830509037574617,0.409818616451653,LUNCH BAG RED RETROSPOT,LUNCH BAG CARS BLUE
frozenset({'LUNCH BAG SPACEBOY DESIGN'}),frozenset({'LUNCH BAG RED RETROSPOT'}),0.060544390740269655,0.07498092088527092,0.027537522258967183,0.4548319327731092,6.065968881191153,1.0,0.022997848086824094,1.6967594668925279,0.8889678931928515,0.25500588928150764,0.4106412726658212,0.41104616146713135,LUNCH BAG SPACEBOY DESIGN,LUNCH BAG RED RETROSPOT
frozenset({'LUNCH BAG RED RETROSPOT'}),frozenset({'LUNCH BAG SPACEBOY DESIGN'}),0.07498092088527092,0.060544390740269655,0.027537522258967183,0.3672603901611535,6.065968881191153,1.0,0.022997848086824094,1.4847428462697347,0.9028417819350159,0.25500588928150764,0.32648269529474533,0.41104616146713135,LUNCH BAG RED RETROSPOT,LUNCH BAG SPACEBOY DESIGN
frozenset({'LUNCH BAG APPLE DESIGN'}),frozenset({'LUNCH BAG RED RETROSPOT'}),0.051259221572119054,0.07498092088527092,0.022640549478504197,0.44168734491315137,5.890663114007118,1.0,0.018797085841164567,1.656811950592159,0.8750965954709716,0.21853898096992022,0.39643120050975544,0.3718190753403755,LUNCH BAG APPLE DESIGN,LUNCH BAG RED RETROSPOT
frozenset({'LUNCH BAG RED RETROSPOT'}),frozenset({'LUNCH BAG APPLE DESIGN'}),0.07498092088527092,0.051259221572119054,0.022640549478504197,0.3019508057675997,5.890663114007118,1.0,0.018797085841164567,1.3591316862290057,0.8975380550866934,0.21853898096992022,0.26423612212694314,0.3718190753403755,LUNCH BAG RED RETROSPOT,LUNCH BAG APPLE DESIGN
frozenset({'JUMBO SHOPPER VINTAGE RED PAISLEY'}),frozenset({'JUMBO BAG RED RETROSPOT'}),0.04648944288984991,0.08312134316967693,0.021622996692953447,0.4651162790697675,5.595629970996958,1.0,0.017758731756739136,1.7141644453784304,0.8613319549122924,0.20023557126030625,0.41662539863307374,0.36262699951958155,JUMBO SHOPPER VINTAGE RED PAIS..,JUMBO BAG RED RETROSPOT
frozenset({'JUMBO BAG RED RETROSPOT'}),frozenset({'JUMBO SHOPPER VINTAGE RED PAISLEY'}),0.08312134316967693,0.04648944288984991,0.021622996692953447,0.26013771996939555,5.595629970996957,1.0,0.017758731756739136,1.2887676299306785,0.8957446070611085,0.20023557126030625,0.22406493088766596,0.36262699951958155,JUMBO BAG RED RETROSPOT,JUMBO SHOPPER VINTAGE RED PAIS..
frozenset({'SPOTTY BUNTING'}),frozenset({'PARTY BUNTING'}),0.06086237598575426,0.07943271432205545,0.023467311116764183,0.38557993730407525,4.854170483722402,1.0,0.018632847392126235,1.498270225159512,0.8454475233450106,0.20087098530212305,0.3325636569374286,0.34050814319166933,SPOTTY BUNTING,PARTY BUNTING
frozenset({'PARTY BUNTING'}),frozenset({'SPOTTY BUNTING'}),0.07943271432205545,0.06086237598575426,0.023467311116764183,0.2954363490792634,4.854170483722402,1.0,0.018632847392126235,1.3329351049929465,0.8625024923824368,0.20087098530212305,0.2497759296351553,0.34050814319166933,PARTY BUNTING,SPOTTY BUNTING
frozenset({'LUNCH BAG RED RETROSPOT'}),frozenset({'JUMBO BAG RED RETROSPOT'}),0.07498092088527092,0.08312134316967693,0.022958534723988806,0.3061916878710772,3.6836710788713223,1.0,0.016726019867905804,1.3215158146735342,0.7875855711903739,0.16988235294117648,0.24329320247519026,0.2911983688016442,LUNCH BAG RED RETROSPOT,JUMBO BAG RED RETROSPOT
frozenset({'JUMBO BAG RED RETROSPOT'}),frozenset({'LUNCH BAG RED RETROSPOT'}),0.08312134316967693,0.07498092088527092,0.022958534723988806,0.27620504973221116,3.683671078871322,1.0,0.016726019867905804,1.2780126177621045,0.794578076781854,0.16988235294117648,0.21753511185900917,0.2911983688016442,JUMBO BAG RED RETROSPOT,LUNCH BAG RED RETROSPOT
